{
    "catalog": [
        { "id":0, "song_title":"Song 1", "artist":"Artist 1", "album":"Album 1", "duration":240 },
        { "id":1, "song_title":"Song 2", "artist":"Artist 1", "album":"Album 1", "duration":210 },
        { "id":2, "song_title":"Song 3", "artist":"Artist 2", "album":"Album 2", "duration":420 },
        { "id":3, "song_title":"Song 4", "artist":"Artist 2", "album":"Album 2", "duration":320 },
        { "id":4, "song_title":"Song 5", "artist":"Artist 3", "album":"Album 1", "duration":220 },
        { "id":5, "song_title":"Song 6", "artist":"Artist 1", "album":"Album 1", "duration":250 },
        { "id":6, "song_title":"Song 7", "artist":"Artist 4", "album":"Album 2", "duration":180 },
        { "id":7, "song_title":"Song 8", "artist":"Artist 4", "album":"Album 1", "duration":220 },
        { "id":8, "song_title":"Song 9", "artist":"Artist 5", "album":"Album 1", "duration":260 },
        { "id":9, "song_title":"Song 10", "artist":"Artist 3", "album":"Album 1", "duration":300 }  
    ]
}